category,strategy,market_trend,risk_factor,recommendations
Edible Oils,Strategic Sourcing with Volume Bundling,Palm oil prices volatile due to sustainability regulations; Rice bran oil gaining traction in health-conscious markets,Supply disruption risk from Southeast Asia monsoons; ESG compliance requirements increasing,Consolidate suppliers to top 3-5 performers; Negotiate 2-year fixed pricing with escalation caps; Diversify sourcing to include South American alternatives
Grains & Cereals,Cost Optimization through Target Pricing,Wheat prices impacted by geopolitical tensions; Rice market stable with strong APAC supply,Currency fluctuation risk in import markets; Climate change affecting yield predictions,Implement should-cost modeling for price negotiations; Establish regional backup suppliers; Lock in forward contracts for 60% of volume
Proteins,Risk Mitigation and Supply Security,Poultry prices stabilizing post-avian flu concerns; Beef market facing sustainability pressures,Disease outbreak risk in poultry supply chain; Regulatory changes on animal welfare standards,Dual-source all critical proteins; Require suppliers to maintain 30-day safety stock; Implement real-time supply tracking
Dairy Products,Supplier Consolidation with Quality Focus,Global dairy prices recovering; Plant-based alternatives creating market pressure,Supply concentration risk in EU markets; Cold chain integrity concerns,Reduce supplier base by 40%; Implement quality-based tiered pricing; Explore local sourcing for fresh dairy
Sweeteners,Market-Based Pricing Strategy,Sugar prices at 5-year high due to Brazil crop issues; Alternative sweeteners growing 15% annually,Single-country dependency for cane sugar; Regulatory risks on high-fructose corn syrup,Diversify to include stevia and monk fruit suppliers; Negotiate index-linked pricing; Build 60-day inventory buffer
Beverages,Partnership Development,Coffee prices volatile due to climate impact on Brazilian crops; Tea market stable with strong Asian supply,Commodity price volatility; Sustainability certification requirements,Establish direct trade relationships with coffee cooperatives; Long-term contracts with price floors and ceilings; Invest in supplier sustainability programs
Spices & Seasonings,Specification Optimization,Spice prices increasing due to labor shortages in origin countries; Clean label trend driving reformulation,Quality consistency challenges; Adulteration risks in supply chain,Standardize specifications across regions; Implement blockchain traceability; Develop secondary supplier qualification program
Packaging Materials,Total Cost Reduction,Plastic packaging facing regulatory headwinds; Sustainable packaging costs decreasing,Raw material price volatility; Sustainability compliance requirements,Transition 50% to recyclable materials by 2025; Consolidate packaging suppliers; Implement design-to-value workshops
Ingredients & Additives,Innovation Partnership,Natural ingredient demand growing 20% YoY; Regulatory scrutiny on artificial additives increasing,Formulation change risks; Supplier IP dependencies,Co-develop proprietary ingredient solutions; Secure exclusive supply agreements for key ingredients; Build technical capability for reformulation
Logistics & Cold Chain,Service Level Optimization,Freight costs normalizing post-pandemic; Cold chain technology improving efficiency,Carrier capacity constraints; Temperature excursion risks,Implement carrier scorecards; Negotiate performance-based contracts; Invest in IoT monitoring across cold chain
